-- phpMyAdmin SQL Dump
-- version 4.7.4
-- https://www.phpmyadmin.net/
--
-- Host: 127.0.0.1
-- Generation Time: Nov 30, 2018 at 04:57 AM
-- Server version: 10.1.28-MariaDB
-- PHP Version: 7.1.11

SET SQL_MODE = "NO_AUTO_VALUE_ON_ZERO";
SET AUTOCOMMIT = 0;
START TRANSACTION;
SET time_zone = "+00:00";


/*!40101 SET @OLD_CHARACTER_SET_CLIENT=@@CHARACTER_SET_CLIENT */;
/*!40101 SET @OLD_CHARACTER_SET_RESULTS=@@CHARACTER_SET_RESULTS */;
/*!40101 SET @OLD_COLLATION_CONNECTION=@@COLLATION_CONNECTION */;
/*!40101 SET NAMES utf8mb4 */;

--
-- Database: `bookstore`
--

-- --------------------------------------------------------

--
-- Table structure for table `authors`
--

CREATE TABLE `authors` (
  `id` int(10) UNSIGNED NOT NULL,
  `name` varchar(191) COLLATE utf8mb4_unicode_ci NOT NULL,
  `created_at` timestamp NULL DEFAULT NULL,
  `updated_at` timestamp NULL DEFAULT NULL
) ENGINE=InnoDB DEFAULT CHARSET=utf8mb4 COLLATE=utf8mb4_unicode_ci;

--
-- Dumping data for table `authors`
--

INSERT INTO `authors` (`id`, `name`, `created_at`, `updated_at`) VALUES
(1, 'John Adams', '2018-11-27 23:30:14', '2018-11-27 23:30:14'),
(2, 'Vincent', '2018-11-27 23:30:14', '2018-11-27 23:30:14');

-- --------------------------------------------------------

--
-- Table structure for table `books`
--

CREATE TABLE `books` (
  `id` int(10) UNSIGNED NOT NULL,
  `slug` varchar(191) COLLATE utf8mb4_unicode_ci NOT NULL,
  `author_id` int(10) UNSIGNED NOT NULL,
  `title` varchar(255) COLLATE utf8mb4_unicode_ci NOT NULL,
  `description` text COLLATE utf8mb4_unicode_ci NOT NULL,
  `price` varchar(10) COLLATE utf8mb4_unicode_ci DEFAULT NULL,
  `image` varchar(255) COLLATE utf8mb4_unicode_ci DEFAULT NULL,
  `created_at` timestamp NULL DEFAULT NULL,
  `updated_at` timestamp NULL DEFAULT NULL
) ENGINE=InnoDB DEFAULT CHARSET=utf8mb4 COLLATE=utf8mb4_unicode_ci;

--
-- Dumping data for table `books`
--

INSERT INTO `books` (`id`, `slug`, `author_id`, `title`, `description`, `price`, `image`, `created_at`, `updated_at`) VALUES
(1, 'fundamentals-djongo', 1, 'Fundamentals of Django', 'Lorem ipsum dolor sit amet, consectetur adipiscing elit. Donec vulputate pulvinar finibus. Donec suscipit scelerisque sapien at tincidunt. Maecenas egestas ligula vehicula nunc viverra accumsan. Phasellus consectetur, nisi in volutpat porta, risus sem ullamcorper nunc, in ornare tortor erat eget neque. Donec sagittis eleifend cursus. Vivamus non turpis at neque finibus dapibus id congue tellus. Aenean consectetur tortor nisl.\r\n\r\nInteger sit amet iaculis ex. Maecenas euismod interdum magna, placerat vestibulum nisi bibendum nec. Suspendisse viverra sapien sed hendrerit congue. Duis id mi id mi varius suscipit nec pretium nisl. Morbi dictum in ligula sed gravida. Aenean mattis arcu justo, convallis gravida odio interdum eu. Fusce congue, nisi non feugiat porta, purus odio placerat diam, vitae dignissim nulla velit in nunc. Etiam dolor leo, pretium nec ultricies nec, porttitor sed nisi. Aenean dapibus lacus id pellentesque sollicitudin. Quisque venenatis fermentum nisl eget feugiat. Curabitur lacinia suscipit consequat. Nulla ac ligula vitae ex fringilla imperdiet ut feugiat sem. Sed sit amet metus iaculis, laoreet libero et, sollicitudin quam. Phasellus tempor at est nec condimentum. Class aptent taciti sociosqu ad litora torquent per conubia nostra, per inceptos himenaeos. In hac habitasse platea dictumst.\r\n\r\nMorbi malesuada, urna porttitor laoreet tempor, justo arcu gravida nibh, et interdum purus elit quis sem. Lorem ipsum dolor sit amet, consectetur adipiscing elit. Aliquam erat volutpat. Quisque vulputate vel elit mollis pretium. Pellentesque placerat varius nisl nec eleifend. Phasellus a orci vestibulum, euismod augue nec, congue lectus. Nam vulputate, magna a fermentum rhoncus, lacus dui scelerisque dolor, quis molestie ex magna nec ipsum. In eget lectus et nulla auctor malesuada. Aenean pellentesque justo in auctor aliquam. Nunc semper eros ut lorem fringilla condimentum. Quisque tempus massa sit amet nunc vehicula vulputate. Donec ac arcu vitae sapien fringilla egestas ut nec nisi. In hac habitasse platea dictumst.', '1000', 'djongo-basic.jpg', '2018-11-27 23:30:00', '2018-11-27 23:30:00'),
(2, 'easy-coding-laravel', 2, 'Easy Coding with Laravel', 'Lorem ipsum dolor sit amet, consectetur adipiscing elit. Donec vulputate pulvinar finibus. Donec suscipit scelerisque sapien at tincidunt. Maecenas egestas ligula vehicula nunc viverra accumsan. Phasellus consectetur, nisi in volutpat porta, risus sem ullamcorper nunc, in ornare tortor erat eget neque. Donec sagittis eleifend cursus. Vivamus non turpis at neque finibus dapibus id congue tellus. Aenean consectetur tortor nisl.\r\n\r\nInteger sit amet iaculis ex. Maecenas euismod interdum magna, placerat vestibulum nisi bibendum nec. Suspendisse viverra sapien sed hendrerit congue. Duis id mi id mi varius suscipit nec pretium nisl. Morbi dictum in ligula sed gravida. Aenean mattis arcu justo, convallis gravida odio interdum eu. Fusce congue, nisi non feugiat porta, purus odio placerat diam, vitae dignissim nulla velit in nunc. Etiam dolor leo, pretium nec ultricies nec, porttitor sed nisi. Aenean dapibus lacus id pellentesque sollicitudin. Quisque venenatis fermentum nisl eget feugiat. Curabitur lacinia suscipit consequat. Nulla ac ligula vitae ex fringilla imperdiet ut feugiat sem. Sed sit amet metus iaculis, laoreet libero et, sollicitudin quam. Phasellus tempor at est nec condimentum. Class aptent taciti sociosqu ad litora torquent per conubia nostra, per inceptos himenaeos. In hac habitasse platea dictumst.\r\n\r\nMorbi malesuada, urna porttitor laoreet tempor, justo arcu gravida nibh, et interdum purus elit quis sem. Lorem ipsum dolor sit amet, consectetur adipiscing elit. Aliquam erat volutpat. Quisque vulputate vel elit mollis pretium. Pellentesque placerat varius nisl nec eleifend. Phasellus a orci vestibulum, euismod augue nec, congue lectus. Nam vulputate, magna a fermentum rhoncus, lacus dui scelerisque dolor, quis molestie ex magna nec ipsum. In eget lectus et nulla auctor malesuada. Aenean pellentesque justo in auctor aliquam. Nunc semper eros ut lorem fringilla condimentum. Quisque tempus massa sit amet nunc vehicula vulputate. Donec ac arcu vitae sapien fringilla egestas ut nec nisi. In hac habitasse platea dictumst.', '1200', 'laravelbooks.jpg', '2018-11-27 23:30:00', '2018-11-27 23:30:00'),
(3, 'restapi-laravel', 1, 'REST API with Laravel', 'Lorem ipsum dolor sit amet, consectetur adipiscing elit. Donec vulputate pulvinar finibus. Donec suscipit scelerisque sapien at tincidunt. Maecenas egestas ligula vehicula nunc viverra accumsan. Phasellus consectetur, nisi in volutpat porta, risus sem ullamcorper nunc, in ornare tortor erat eget neque. Donec sagittis eleifend cursus. Vivamus non turpis at neque finibus dapibus id congue tellus. Aenean consectetur tortor nisl.\r\n\r\nInteger sit amet iaculis ex. Maecenas euismod interdum magna, placerat vestibulum nisi bibendum nec. Suspendisse viverra sapien sed hendrerit congue. Duis id mi id mi varius suscipit nec pretium nisl. Morbi dictum in ligula sed gravida. Aenean mattis arcu justo, convallis gravida odio interdum eu. Fusce congue, nisi non feugiat porta, purus odio placerat diam, vitae dignissim nulla velit in nunc. Etiam dolor leo, pretium nec ultricies nec, porttitor sed nisi. Aenean dapibus lacus id pellentesque sollicitudin. Quisque venenatis fermentum nisl eget feugiat. Curabitur lacinia suscipit consequat. Nulla ac ligula vitae ex fringilla imperdiet ut feugiat sem. Sed sit amet metus iaculis, laoreet libero et, sollicitudin quam. Phasellus tempor at est nec condimentum. Class aptent taciti sociosqu ad litora torquent per conubia nostra, per inceptos himenaeos. In hac habitasse platea dictumst.\r\n\r\nMorbi malesuada, urna porttitor laoreet tempor, justo arcu gravida nibh, et interdum purus elit quis sem. Lorem ipsum dolor sit amet, consectetur adipiscing elit. Aliquam erat volutpat. Quisque vulputate vel elit mollis pretium. Pellentesque placerat varius nisl nec eleifend. Phasellus a orci vestibulum, euismod augue nec, congue lectus. Nam vulputate, magna a fermentum rhoncus, lacus dui scelerisque dolor, quis molestie ex magna nec ipsum. In eget lectus et nulla auctor malesuada. Aenean pellentesque justo in auctor aliquam. Nunc semper eros ut lorem fringilla condimentum. Quisque tempus massa sit amet nunc vehicula vulputate. Donec ac arcu vitae sapien fringilla egestas ut nec nisi. In hac habitasse platea dictumst.', '1200', 'laravel-Ls.jpg', '2018-11-27 23:30:00', '2018-11-27 23:30:00'),
(4, 'coding-interview-skills', 1, 'Coding and Interview Skills', 'Lorem ipsum dolor sit amet, consectetur adipiscing elit. Donec vulputate pulvinar finibus. Donec suscipit scelerisque sapien at tincidunt. Maecenas egestas ligula vehicula nunc viverra accumsan. Phasellus consectetur, nisi in volutpat porta, risus sem ullamcorper nunc, in ornare tortor erat eget neque. Donec sagittis eleifend cursus. Vivamus non turpis at neque finibus dapibus id congue tellus. Aenean consectetur tortor nisl.\r\n\r\nInteger sit amet iaculis ex. Maecenas euismod interdum magna, placerat vestibulum nisi bibendum nec. Suspendisse viverra sapien sed hendrerit congue. Duis id mi id mi varius suscipit nec pretium nisl. Morbi dictum in ligula sed gravida. Aenean mattis arcu justo, convallis gravida odio interdum eu. Fusce congue, nisi non feugiat porta, purus odio placerat diam, vitae dignissim nulla velit in nunc. Etiam dolor leo, pretium nec ultricies nec, porttitor sed nisi. Aenean dapibus lacus id pellentesque sollicitudin. Quisque venenatis fermentum nisl eget feugiat. Curabitur lacinia suscipit consequat. Nulla ac ligula vitae ex fringilla imperdiet ut feugiat sem. Sed sit amet metus iaculis, laoreet libero et, sollicitudin quam. Phasellus tempor at est nec condimentum. Class aptent taciti sociosqu ad litora torquent per conubia nostra, per inceptos himenaeos. In hac habitasse platea dictumst.\r\n\r\nMorbi malesuada, urna porttitor laoreet tempor, justo arcu gravida nibh, et interdum purus elit quis sem. Lorem ipsum dolor sit amet, consectetur adipiscing elit. Aliquam erat volutpat. Quisque vulputate vel elit mollis pretium. Pellentesque placerat varius nisl nec eleifend. Phasellus a orci vestibulum, euismod augue nec, congue lectus. Nam vulputate, magna a fermentum rhoncus, lacus dui scelerisque dolor, quis molestie ex magna nec ipsum. In eget lectus et nulla auctor malesuada. Aenean pellentesque justo in auctor aliquam. Nunc semper eros ut lorem fringilla condimentum. Quisque tempus massa sit amet nunc vehicula vulputate. Donec ac arcu vitae sapien fringilla egestas ut nec nisi. In hac habitasse platea dictumst.', '1300', 'cod.jpg', '2018-11-27 23:30:00', '2018-11-27 23:30:00'),
(5, 'dont-loseout', 1, 'Don\'t Lose Out', 'Lorem ipsum dolor sit amet, consectetur adipiscing elit. Donec vulputate pulvinar finibus. Donec suscipit scelerisque sapien at tincidunt. Maecenas egestas ligula vehicula nunc viverra accumsan. Phasellus consectetur, nisi in volutpat porta, risus sem ullamcorper nunc, in ornare tortor erat eget neque. Donec sagittis eleifend cursus. Vivamus non turpis at neque finibus dapibus id congue tellus. Aenean consectetur tortor nisl.\r\n\r\nInteger sit amet iaculis ex. Maecenas euismod interdum magna, placerat vestibulum nisi bibendum nec. Suspendisse viverra sapien sed hendrerit congue. Duis id mi id mi varius suscipit nec pretium nisl. Morbi dictum in ligula sed gravida. Aenean mattis arcu justo, convallis gravida odio interdum eu. Fusce congue, nisi non feugiat porta, purus odio placerat diam, vitae dignissim nulla velit in nunc. Etiam dolor leo, pretium nec ultricies nec, porttitor sed nisi. Aenean dapibus lacus id pellentesque sollicitudin. Quisque venenatis fermentum nisl eget feugiat. Curabitur lacinia suscipit consequat. Nulla ac ligula vitae ex fringilla imperdiet ut feugiat sem. Sed sit amet metus iaculis, laoreet libero et, sollicitudin quam. Phasellus tempor at est nec condimentum. Class aptent taciti sociosqu ad litora torquent per conubia nostra, per inceptos himenaeos. In hac habitasse platea dictumst.\r\n\r\nMorbi malesuada, urna porttitor laoreet tempor, justo arcu gravida nibh, et interdum purus elit quis sem. Lorem ipsum dolor sit amet, consectetur adipiscing elit. Aliquam erat volutpat. Quisque vulputate vel elit mollis pretium. Pellentesque placerat varius nisl nec eleifend. Phasellus a orci vestibulum, euismod augue nec, congue lectus. Nam vulputate, magna a fermentum rhoncus, lacus dui scelerisque dolor, quis molestie ex magna nec ipsum. In eget lectus et nulla auctor malesuada. Aenean pellentesque justo in auctor aliquam. Nunc semper eros ut lorem fringilla condimentum. Quisque tempus massa sit amet nunc vehicula vulputate. Donec ac arcu vitae sapien fringilla egestas ut nec nisi. In hac habitasse platea dictumst.', '1300', 'dontlose.jpg', '2018-11-27 23:30:00', '2018-11-27 23:30:00'),
(6, 'freelancer-consulting', 2, 'Freelancer Consulting', 'Lorem ipsum dolor sit amet, consectetur adipiscing elit. Donec vulputate pulvinar finibus. Donec suscipit scelerisque sapien at tincidunt. Maecenas egestas ligula vehicula nunc viverra accumsan. Phasellus consectetur, nisi in volutpat porta, risus sem ullamcorper nunc, in ornare tortor erat eget neque. Donec sagittis eleifend cursus. Vivamus non turpis at neque finibus dapibus id congue tellus. Aenean consectetur tortor nisl.\r\n\r\nInteger sit amet iaculis ex. Maecenas euismod interdum magna, placerat vestibulum nisi bibendum nec. Suspendisse viverra sapien sed hendrerit congue. Duis id mi id mi varius suscipit nec pretium nisl. Morbi dictum in ligula sed gravida. Aenean mattis arcu justo, convallis gravida odio interdum eu. Fusce congue, nisi non feugiat porta, purus odio placerat diam, vitae dignissim nulla velit in nunc. Etiam dolor leo, pretium nec ultricies nec, porttitor sed nisi. Aenean dapibus lacus id pellentesque sollicitudin. Quisque venenatis fermentum nisl eget feugiat. Curabitur lacinia suscipit consequat. Nulla ac ligula vitae ex fringilla imperdiet ut feugiat sem. Sed sit amet metus iaculis, laoreet libero et, sollicitudin quam. Phasellus tempor at est nec condimentum. Class aptent taciti sociosqu ad litora torquent per conubia nostra, per inceptos himenaeos. In hac habitasse platea dictumst.\r\n\r\nMorbi malesuada, urna porttitor laoreet tempor, justo arcu gravida nibh, et interdum purus elit quis sem. Lorem ipsum dolor sit amet, consectetur adipiscing elit. Aliquam erat volutpat. Quisque vulputate vel elit mollis pretium. Pellentesque placerat varius nisl nec eleifend. Phasellus a orci vestibulum, euismod augue nec, congue lectus. Nam vulputate, magna a fermentum rhoncus, lacus dui scelerisque dolor, quis molestie ex magna nec ipsum. In eget lectus et nulla auctor malesuada. Aenean pellentesque justo in auctor aliquam. Nunc semper eros ut lorem fringilla condimentum. Quisque tempus massa sit amet nunc vehicula vulputate. Donec ac arcu vitae sapien fringilla egestas ut nec nisi. In hac habitasse platea dictumst.', '1300', 'fundamentals.jpg', '2018-11-27 23:30:00', '2018-11-27 23:30:00'),
(7, 'java-design-pattern', 1, 'Java Design Patterns', 'Lorem ipsum dolor sit amet, consectetur adipiscing elit. Donec vulputate pulvinar finibus. Donec suscipit scelerisque sapien at tincidunt. Maecenas egestas ligula vehicula nunc viverra accumsan. Phasellus consectetur, nisi in volutpat porta, risus sem ullamcorper nunc, in ornare tortor erat eget neque. Donec sagittis eleifend cursus. Vivamus non turpis at neque finibus dapibus id congue tellus. Aenean consectetur tortor nisl.\r\n\r\nInteger sit amet iaculis ex. Maecenas euismod interdum magna, placerat vestibulum nisi bibendum nec. Suspendisse viverra sapien sed hendrerit congue. Duis id mi id mi varius suscipit nec pretium nisl. Morbi dictum in ligula sed gravida. Aenean mattis arcu justo, convallis gravida odio interdum eu. Fusce congue, nisi non feugiat porta, purus odio placerat diam, vitae dignissim nulla velit in nunc. Etiam dolor leo, pretium nec ultricies nec, porttitor sed nisi. Aenean dapibus lacus id pellentesque sollicitudin. Quisque venenatis fermentum nisl eget feugiat. Curabitur lacinia suscipit consequat. Nulla ac ligula vitae ex fringilla imperdiet ut feugiat sem. Sed sit amet metus iaculis, laoreet libero et, sollicitudin quam. Phasellus tempor at est nec condimentum. Class aptent taciti sociosqu ad litora torquent per conubia nostra, per inceptos himenaeos. In hac habitasse platea dictumst.\r\n\r\nMorbi malesuada, urna porttitor laoreet tempor, justo arcu gravida nibh, et interdum purus elit quis sem. Lorem ipsum dolor sit amet, consectetur adipiscing elit. Aliquam erat volutpat. Quisque vulputate vel elit mollis pretium. Pellentesque placerat varius nisl nec eleifend. Phasellus a orci vestibulum, euismod augue nec, congue lectus. Nam vulputate, magna a fermentum rhoncus, lacus dui scelerisque dolor, quis molestie ex magna nec ipsum. In eget lectus et nulla auctor malesuada. Aenean pellentesque justo in auctor aliquam. Nunc semper eros ut lorem fringilla condimentum. Quisque tempus massa sit amet nunc vehicula vulputate. Donec ac arcu vitae sapien fringilla egestas ut nec nisi. In hac habitasse platea dictumst.', '1500', 'java.jpg', '2018-11-27 23:30:00', '2018-11-27 23:30:00'),
(8, 'json-beginners', 1, 'JSON for Beginners', 'Lorem ipsum dolor sit amet, consectetur adipiscing elit. Donec vulputate pulvinar finibus. Donec suscipit scelerisque sapien at tincidunt. Maecenas egestas ligula vehicula nunc viverra accumsan. Phasellus consectetur, nisi in volutpat porta, risus sem ullamcorper nunc, in ornare tortor erat eget neque. Donec sagittis eleifend cursus. Vivamus non turpis at neque finibus dapibus id congue tellus. Aenean consectetur tortor nisl.\r\n\r\nInteger sit amet iaculis ex. Maecenas euismod interdum magna, placerat vestibulum nisi bibendum nec. Suspendisse viverra sapien sed hendrerit congue. Duis id mi id mi varius suscipit nec pretium nisl. Morbi dictum in ligula sed gravida. Aenean mattis arcu justo, convallis gravida odio interdum eu. Fusce congue, nisi non feugiat porta, purus odio placerat diam, vitae dignissim nulla velit in nunc. Etiam dolor leo, pretium nec ultricies nec, porttitor sed nisi. Aenean dapibus lacus id pellentesque sollicitudin. Quisque venenatis fermentum nisl eget feugiat. Curabitur lacinia suscipit consequat. Nulla ac ligula vitae ex fringilla imperdiet ut feugiat sem. Sed sit amet metus iaculis, laoreet libero et, sollicitudin quam. Phasellus tempor at est nec condimentum. Class aptent taciti sociosqu ad litora torquent per conubia nostra, per inceptos himenaeos. In hac habitasse platea dictumst.\r\n\r\nMorbi malesuada, urna porttitor laoreet tempor, justo arcu gravida nibh, et interdum purus elit quis sem. Lorem ipsum dolor sit amet, consectetur adipiscing elit. Aliquam erat volutpat. Quisque vulputate vel elit mollis pretium. Pellentesque placerat varius nisl nec eleifend. Phasellus a orci vestibulum, euismod augue nec, congue lectus. Nam vulputate, magna a fermentum rhoncus, lacus dui scelerisque dolor, quis molestie ex magna nec ipsum. In eget lectus et nulla auctor malesuada. Aenean pellentesque justo in auctor aliquam. Nunc semper eros ut lorem fringilla condimentum. Quisque tempus massa sit amet nunc vehicula vulputate. Donec ac arcu vitae sapien fringilla egestas ut nec nisi. In hac habitasse platea dictumst.', '1500', 'json-laravel.jpg', '2018-11-27 23:30:00', '2018-11-27 23:30:00'),
(9, 'complete-software-developement', 2, 'Complete Software Development', 'Lorem ipsum dolor sit amet, consectetur adipiscing elit. Donec vulputate pulvinar finibus. Donec suscipit scelerisque sapien at tincidunt. Maecenas egestas ligula vehicula nunc viverra accumsan. Phasellus consectetur, nisi in volutpat porta, risus sem ullamcorper nunc, in ornare tortor erat eget neque. Donec sagittis eleifend cursus. Vivamus non turpis at neque finibus dapibus id congue tellus. Aenean consectetur tortor nisl.\r\n\r\nInteger sit amet iaculis ex. Maecenas euismod interdum magna, placerat vestibulum nisi bibendum nec. Suspendisse viverra sapien sed hendrerit congue. Duis id mi id mi varius suscipit nec pretium nisl. Morbi dictum in ligula sed gravida. Aenean mattis arcu justo, convallis gravida odio interdum eu. Fusce congue, nisi non feugiat porta, purus odio placerat diam, vitae dignissim nulla velit in nunc. Etiam dolor leo, pretium nec ultricies nec, porttitor sed nisi. Aenean dapibus lacus id pellentesque sollicitudin. Quisque venenatis fermentum nisl eget feugiat. Curabitur lacinia suscipit consequat. Nulla ac ligula vitae ex fringilla imperdiet ut feugiat sem. Sed sit amet metus iaculis, laoreet libero et, sollicitudin quam. Phasellus tempor at est nec condimentum. Class aptent taciti sociosqu ad litora torquent per conubia nostra, per inceptos himenaeos. In hac habitasse platea dictumst.\r\n\r\nMorbi malesuada, urna porttitor laoreet tempor, justo arcu gravida nibh, et interdum purus elit quis sem. Lorem ipsum dolor sit amet, consectetur adipiscing elit. Aliquam erat volutpat. Quisque vulputate vel elit mollis pretium. Pellentesque placerat varius nisl nec eleifend. Phasellus a orci vestibulum, euismod augue nec, congue lectus. Nam vulputate, magna a fermentum rhoncus, lacus dui scelerisque dolor, quis molestie ex magna nec ipsum. In eget lectus et nulla auctor malesuada. Aenean pellentesque justo in auctor aliquam. Nunc semper eros ut lorem fringilla condimentum. Quisque tempus massa sit amet nunc vehicula vulputate. Donec ac arcu vitae sapien fringilla egestas ut nec nisi. In hac habitasse platea dictumst.', '1000', 'soft.jpg', '2018-11-27 23:30:00', '2018-11-27 23:30:00'),
(10, 'principals-of-software', 2, 'Principals of Software', 'Lorem ipsum dolor sit amet, consectetur adipiscing elit. Donec vulputate pulvinar finibus. Donec suscipit scelerisque sapien at tincidunt. Maecenas egestas ligula vehicula nunc viverra accumsan. Phasellus consectetur, nisi in volutpat porta, risus sem ullamcorper nunc, in ornare tortor erat eget neque. Donec sagittis eleifend cursus. Vivamus non turpis at neque finibus dapibus id congue tellus. Aenean consectetur tortor nisl.\r\n\r\nInteger sit amet iaculis ex. Maecenas euismod interdum magna, placerat vestibulum nisi bibendum nec. Suspendisse viverra sapien sed hendrerit congue. Duis id mi id mi varius suscipit nec pretium nisl. Morbi dictum in ligula sed gravida. Aenean mattis arcu justo, convallis gravida odio interdum eu. Fusce congue, nisi non feugiat porta, purus odio placerat diam, vitae dignissim nulla velit in nunc. Etiam dolor leo, pretium nec ultricies nec, porttitor sed nisi. Aenean dapibus lacus id pellentesque sollicitudin. Quisque venenatis fermentum nisl eget feugiat. Curabitur lacinia suscipit consequat. Nulla ac ligula vitae ex fringilla imperdiet ut feugiat sem. Sed sit amet metus iaculis, laoreet libero et, sollicitudin quam. Phasellus tempor at est nec condimentum. Class aptent taciti sociosqu ad litora torquent per conubia nostra, per inceptos himenaeos. In hac habitasse platea dictumst.\r\n\r\nMorbi malesuada, urna porttitor laoreet tempor, justo arcu gravida nibh, et interdum purus elit quis sem. Lorem ipsum dolor sit amet, consectetur adipiscing elit. Aliquam erat volutpat. Quisque vulputate vel elit mollis pretium. Pellentesque placerat varius nisl nec eleifend. Phasellus a orci vestibulum, euismod augue nec, congue lectus. Nam vulputate, magna a fermentum rhoncus, lacus dui scelerisque dolor, quis molestie ex magna nec ipsum. In eget lectus et nulla auctor malesuada. Aenean pellentesque justo in auctor aliquam. Nunc semper eros ut lorem fringilla condimentum. Quisque tempus massa sit amet nunc vehicula vulputate. Donec ac arcu vitae sapien fringilla egestas ut nec nisi. In hac habitasse platea dictumst.', '800', 'softbooks.jpg', '2018-11-27 23:30:00', '2018-11-27 23:30:00'),
(11, 'fundamendals-testing', 1, 'Fundamentals of Testing', 'Lorem ipsum dolor sit amet, consectetur adipiscing elit. Donec vulputate pulvinar finibus. Donec suscipit scelerisque sapien at tincidunt. Maecenas egestas ligula vehicula nunc viverra accumsan. Phasellus consectetur, nisi in volutpat porta, risus sem ullamcorper nunc, in ornare tortor erat eget neque. Donec sagittis eleifend cursus. Vivamus non turpis at neque finibus dapibus id congue tellus. Aenean consectetur tortor nisl.\r\n\r\nInteger sit amet iaculis ex. Maecenas euismod interdum magna, placerat vestibulum nisi bibendum nec. Suspendisse viverra sapien sed hendrerit congue. Duis id mi id mi varius suscipit nec pretium nisl. Morbi dictum in ligula sed gravida. Aenean mattis arcu justo, convallis gravida odio interdum eu. Fusce congue, nisi non feugiat porta, purus odio placerat diam, vitae dignissim nulla velit in nunc. Etiam dolor leo, pretium nec ultricies nec, porttitor sed nisi. Aenean dapibus lacus id pellentesque sollicitudin. Quisque venenatis fermentum nisl eget feugiat. Curabitur lacinia suscipit consequat. Nulla ac ligula vitae ex fringilla imperdiet ut feugiat sem. Sed sit amet metus iaculis, laoreet libero et, sollicitudin quam. Phasellus tempor at est nec condimentum. Class aptent taciti sociosqu ad litora torquent per conubia nostra, per inceptos himenaeos. In hac habitasse platea dictumst.\r\n\r\nMorbi malesuada, urna porttitor laoreet tempor, justo arcu gravida nibh, et interdum purus elit quis sem. Lorem ipsum dolor sit amet, consectetur adipiscing elit. Aliquam erat volutpat. Quisque vulputate vel elit mollis pretium. Pellentesque placerat varius nisl nec eleifend. Phasellus a orci vestibulum, euismod augue nec, congue lectus. Nam vulputate, magna a fermentum rhoncus, lacus dui scelerisque dolor, quis molestie ex magna nec ipsum. In eget lectus et nulla auctor malesuada. Aenean pellentesque justo in auctor aliquam. Nunc semper eros ut lorem fringilla condimentum. Quisque tempus massa sit amet nunc vehicula vulputate. Donec ac arcu vitae sapien fringilla egestas ut nec nisi. In hac habitasse platea dictumst.', '1000', 'djongo-basic.jpg', '2018-11-27 23:30:00', '2018-11-27 23:30:00'),
(12, 'easy-data-structure', 1, 'Easy Datastructure', 'Lorem ipsum dolor sit amet, consectetur adipiscing elit. Donec vulputate pulvinar finibus. Donec suscipit scelerisque sapien at tincidunt. Maecenas egestas ligula vehicula nunc viverra accumsan. Phasellus consectetur, nisi in volutpat porta, risus sem ullamcorper nunc, in ornare tortor erat eget neque. Donec sagittis eleifend cursus. Vivamus non turpis at neque finibus dapibus id congue tellus. Aenean consectetur tortor nisl.\r\n\r\nInteger sit amet iaculis ex. Maecenas euismod interdum magna, placerat vestibulum nisi bibendum nec. Suspendisse viverra sapien sed hendrerit congue. Duis id mi id mi varius suscipit nec pretium nisl. Morbi dictum in ligula sed gravida. Aenean mattis arcu justo, convallis gravida odio interdum eu. Fusce congue, nisi non feugiat porta, purus odio placerat diam, vitae dignissim nulla velit in nunc. Etiam dolor leo, pretium nec ultricies nec, porttitor sed nisi. Aenean dapibus lacus id pellentesque sollicitudin. Quisque venenatis fermentum nisl eget feugiat. Curabitur lacinia suscipit consequat. Nulla ac ligula vitae ex fringilla imperdiet ut feugiat sem. Sed sit amet metus iaculis, laoreet libero et, sollicitudin quam. Phasellus tempor at est nec condimentum. Class aptent taciti sociosqu ad litora torquent per conubia nostra, per inceptos himenaeos. In hac habitasse platea dictumst.\r\n\r\nMorbi malesuada, urna porttitor laoreet tempor, justo arcu gravida nibh, et interdum purus elit quis sem. Lorem ipsum dolor sit amet, consectetur adipiscing elit. Aliquam erat volutpat. Quisque vulputate vel elit mollis pretium. Pellentesque placerat varius nisl nec eleifend. Phasellus a orci vestibulum, euismod augue nec, congue lectus. Nam vulputate, magna a fermentum rhoncus, lacus dui scelerisque dolor, quis molestie ex magna nec ipsum. In eget lectus et nulla auctor malesuada. Aenean pellentesque justo in auctor aliquam. Nunc semper eros ut lorem fringilla condimentum. Quisque tempus massa sit amet nunc vehicula vulputate. Donec ac arcu vitae sapien fringilla egestas ut nec nisi. In hac habitasse platea dictumst.', '1200', 'laravelbooks.jpg', '2018-11-27 23:30:00', '2018-11-27 23:30:00'),
(13, 'soap-api-tutorials', 2, 'REST API and SOAP', 'Lorem ipsum dolor sit amet, consectetur adipiscing elit. Donec vulputate pulvinar finibus. Donec suscipit scelerisque sapien at tincidunt. Maecenas egestas ligula vehicula nunc viverra accumsan. Phasellus consectetur, nisi in volutpat porta, risus sem ullamcorper nunc, in ornare tortor erat eget neque. Donec sagittis eleifend cursus. Vivamus non turpis at neque finibus dapibus id congue tellus. Aenean consectetur tortor nisl.\r\n\r\nInteger sit amet iaculis ex. Maecenas euismod interdum magna, placerat vestibulum nisi bibendum nec. Suspendisse viverra sapien sed hendrerit congue. Duis id mi id mi varius suscipit nec pretium nisl. Morbi dictum in ligula sed gravida. Aenean mattis arcu justo, convallis gravida odio interdum eu. Fusce congue, nisi non feugiat porta, purus odio placerat diam, vitae dignissim nulla velit in nunc. Etiam dolor leo, pretium nec ultricies nec, porttitor sed nisi. Aenean dapibus lacus id pellentesque sollicitudin. Quisque venenatis fermentum nisl eget feugiat. Curabitur lacinia suscipit consequat. Nulla ac ligula vitae ex fringilla imperdiet ut feugiat sem. Sed sit amet metus iaculis, laoreet libero et, sollicitudin quam. Phasellus tempor at est nec condimentum. Class aptent taciti sociosqu ad litora torquent per conubia nostra, per inceptos himenaeos. In hac habitasse platea dictumst.\r\n\r\nMorbi malesuada, urna porttitor laoreet tempor, justo arcu gravida nibh, et interdum purus elit quis sem. Lorem ipsum dolor sit amet, consectetur adipiscing elit. Aliquam erat volutpat. Quisque vulputate vel elit mollis pretium. Pellentesque placerat varius nisl nec eleifend. Phasellus a orci vestibulum, euismod augue nec, congue lectus. Nam vulputate, magna a fermentum rhoncus, lacus dui scelerisque dolor, quis molestie ex magna nec ipsum. In eget lectus et nulla auctor malesuada. Aenean pellentesque justo in auctor aliquam. Nunc semper eros ut lorem fringilla condimentum. Quisque tempus massa sit amet nunc vehicula vulputate. Donec ac arcu vitae sapien fringilla egestas ut nec nisi. In hac habitasse platea dictumst.', '1200', 'laravel-Ls.jpg', '2018-11-27 23:30:00', '2018-11-27 23:30:00'),
(14, 'wp-development', 1, 'Wordpress Development Guide', 'Lorem ipsum dolor sit amet, consectetur adipiscing elit. Donec vulputate pulvinar finibus. Donec suscipit scelerisque sapien at tincidunt. Maecenas egestas ligula vehicula nunc viverra accumsan. Phasellus consectetur, nisi in volutpat porta, risus sem ullamcorper nunc, in ornare tortor erat eget neque. Donec sagittis eleifend cursus. Vivamus non turpis at neque finibus dapibus id congue tellus. Aenean consectetur tortor nisl.\r\n\r\nInteger sit amet iaculis ex. Maecenas euismod interdum magna, placerat vestibulum nisi bibendum nec. Suspendisse viverra sapien sed hendrerit congue. Duis id mi id mi varius suscipit nec pretium nisl. Morbi dictum in ligula sed gravida. Aenean mattis arcu justo, convallis gravida odio interdum eu. Fusce congue, nisi non feugiat porta, purus odio placerat diam, vitae dignissim nulla velit in nunc. Etiam dolor leo, pretium nec ultricies nec, porttitor sed nisi. Aenean dapibus lacus id pellentesque sollicitudin. Quisque venenatis fermentum nisl eget feugiat. Curabitur lacinia suscipit consequat. Nulla ac ligula vitae ex fringilla imperdiet ut feugiat sem. Sed sit amet metus iaculis, laoreet libero et, sollicitudin quam. Phasellus tempor at est nec condimentum. Class aptent taciti sociosqu ad litora torquent per conubia nostra, per inceptos himenaeos. In hac habitasse platea dictumst.\r\n\r\nMorbi malesuada, urna porttitor laoreet tempor, justo arcu gravida nibh, et interdum purus elit quis sem. Lorem ipsum dolor sit amet, consectetur adipiscing elit. Aliquam erat volutpat. Quisque vulputate vel elit mollis pretium. Pellentesque placerat varius nisl nec eleifend. Phasellus a orci vestibulum, euismod augue nec, congue lectus. Nam vulputate, magna a fermentum rhoncus, lacus dui scelerisque dolor, quis molestie ex magna nec ipsum. In eget lectus et nulla auctor malesuada. Aenean pellentesque justo in auctor aliquam. Nunc semper eros ut lorem fringilla condimentum. Quisque tempus massa sit amet nunc vehicula vulputate. Donec ac arcu vitae sapien fringilla egestas ut nec nisi. In hac habitasse platea dictumst.', '1300', 'cod.jpg', '2018-11-27 23:30:00', '2018-11-27 23:30:00'),
(15, 'testing-datastructure', 1, 'Datastructure and Testing', 'Lorem ipsum dolor sit amet, consectetur adipiscing elit. Donec vulputate pulvinar finibus. Donec suscipit scelerisque sapien at tincidunt. Maecenas egestas ligula vehicula nunc viverra accumsan. Phasellus consectetur, nisi in volutpat porta, risus sem ullamcorper nunc, in ornare tortor erat eget neque. Donec sagittis eleifend cursus. Vivamus non turpis at neque finibus dapibus id congue tellus. Aenean consectetur tortor nisl.\r\n\r\nInteger sit amet iaculis ex. Maecenas euismod interdum magna, placerat vestibulum nisi bibendum nec. Suspendisse viverra sapien sed hendrerit congue. Duis id mi id mi varius suscipit nec pretium nisl. Morbi dictum in ligula sed gravida. Aenean mattis arcu justo, convallis gravida odio interdum eu. Fusce congue, nisi non feugiat porta, purus odio placerat diam, vitae dignissim nulla velit in nunc. Etiam dolor leo, pretium nec ultricies nec, porttitor sed nisi. Aenean dapibus lacus id pellentesque sollicitudin. Quisque venenatis fermentum nisl eget feugiat. Curabitur lacinia suscipit consequat. Nulla ac ligula vitae ex fringilla imperdiet ut feugiat sem. Sed sit amet metus iaculis, laoreet libero et, sollicitudin quam. Phasellus tempor at est nec condimentum. Class aptent taciti sociosqu ad litora torquent per conubia nostra, per inceptos himenaeos. In hac habitasse platea dictumst.\r\n\r\nMorbi malesuada, urna porttitor laoreet tempor, justo arcu gravida nibh, et interdum purus elit quis sem. Lorem ipsum dolor sit amet, consectetur adipiscing elit. Aliquam erat volutpat. Quisque vulputate vel elit mollis pretium. Pellentesque placerat varius nisl nec eleifend. Phasellus a orci vestibulum, euismod augue nec, congue lectus. Nam vulputate, magna a fermentum rhoncus, lacus dui scelerisque dolor, quis molestie ex magna nec ipsum. In eget lectus et nulla auctor malesuada. Aenean pellentesque justo in auctor aliquam. Nunc semper eros ut lorem fringilla condimentum. Quisque tempus massa sit amet nunc vehicula vulputate. Donec ac arcu vitae sapien fringilla egestas ut nec nisi. In hac habitasse platea dictumst.', '1300', 'dontlose.jpg', '2018-11-27 23:30:00', '2018-11-27 23:30:00'),
(16, 'consulting-knowledge', 2, 'Consulting knowledger', 'Lorem ipsum dolor sit amet, consectetur adipiscing elit. Donec vulputate pulvinar finibus. Donec suscipit scelerisque sapien at tincidunt. Maecenas egestas ligula vehicula nunc viverra accumsan. Phasellus consectetur, nisi in volutpat porta, risus sem ullamcorper nunc, in ornare tortor erat eget neque. Donec sagittis eleifend cursus. Vivamus non turpis at neque finibus dapibus id congue tellus. Aenean consectetur tortor nisl.\r\n\r\nInteger sit amet iaculis ex. Maecenas euismod interdum magna, placerat vestibulum nisi bibendum nec. Suspendisse viverra sapien sed hendrerit congue. Duis id mi id mi varius suscipit nec pretium nisl. Morbi dictum in ligula sed gravida. Aenean mattis arcu justo, convallis gravida odio interdum eu. Fusce congue, nisi non feugiat porta, purus odio placerat diam, vitae dignissim nulla velit in nunc. Etiam dolor leo, pretium nec ultricies nec, porttitor sed nisi. Aenean dapibus lacus id pellentesque sollicitudin. Quisque venenatis fermentum nisl eget feugiat. Curabitur lacinia suscipit consequat. Nulla ac ligula vitae ex fringilla imperdiet ut feugiat sem. Sed sit amet metus iaculis, laoreet libero et, sollicitudin quam. Phasellus tempor at est nec condimentum. Class aptent taciti sociosqu ad litora torquent per conubia nostra, per inceptos himenaeos. In hac habitasse platea dictumst.\r\n\r\nMorbi malesuada, urna porttitor laoreet tempor, justo arcu gravida nibh, et interdum purus elit quis sem. Lorem ipsum dolor sit amet, consectetur adipiscing elit. Aliquam erat volutpat. Quisque vulputate vel elit mollis pretium. Pellentesque placerat varius nisl nec eleifend. Phasellus a orci vestibulum, euismod augue nec, congue lectus. Nam vulputate, magna a fermentum rhoncus, lacus dui scelerisque dolor, quis molestie ex magna nec ipsum. In eget lectus et nulla auctor malesuada. Aenean pellentesque justo in auctor aliquam. Nunc semper eros ut lorem fringilla condimentum. Quisque tempus massa sit amet nunc vehicula vulputate. Donec ac arcu vitae sapien fringilla egestas ut nec nisi. In hac habitasse platea dictumst.', '1300', 'fundamentals.jpg', '2018-11-27 23:30:00', '2018-11-27 23:30:00'),
(17, 'machine-lang', 1, 'Machine Language', 'Lorem ipsum dolor sit amet, consectetur adipiscing elit. Donec vulputate pulvinar finibus. Donec suscipit scelerisque sapien at tincidunt. Maecenas egestas ligula vehicula nunc viverra accumsan. Phasellus consectetur, nisi in volutpat porta, risus sem ullamcorper nunc, in ornare tortor erat eget neque. Donec sagittis eleifend cursus. Vivamus non turpis at neque finibus dapibus id congue tellus. Aenean consectetur tortor nisl.\r\n\r\nInteger sit amet iaculis ex. Maecenas euismod interdum magna, placerat vestibulum nisi bibendum nec. Suspendisse viverra sapien sed hendrerit congue. Duis id mi id mi varius suscipit nec pretium nisl. Morbi dictum in ligula sed gravida. Aenean mattis arcu justo, convallis gravida odio interdum eu. Fusce congue, nisi non feugiat porta, purus odio placerat diam, vitae dignissim nulla velit in nunc. Etiam dolor leo, pretium nec ultricies nec, porttitor sed nisi. Aenean dapibus lacus id pellentesque sollicitudin. Quisque venenatis fermentum nisl eget feugiat. Curabitur lacinia suscipit consequat. Nulla ac ligula vitae ex fringilla imperdiet ut feugiat sem. Sed sit amet metus iaculis, laoreet libero et, sollicitudin quam. Phasellus tempor at est nec condimentum. Class aptent taciti sociosqu ad litora torquent per conubia nostra, per inceptos himenaeos. In hac habitasse platea dictumst.\r\n\r\nMorbi malesuada, urna porttitor laoreet tempor, justo arcu gravida nibh, et interdum purus elit quis sem. Lorem ipsum dolor sit amet, consectetur adipiscing elit. Aliquam erat volutpat. Quisque vulputate vel elit mollis pretium. Pellentesque placerat varius nisl nec eleifend. Phasellus a orci vestibulum, euismod augue nec, congue lectus. Nam vulputate, magna a fermentum rhoncus, lacus dui scelerisque dolor, quis molestie ex magna nec ipsum. In eget lectus et nulla auctor malesuada. Aenean pellentesque justo in auctor aliquam. Nunc semper eros ut lorem fringilla condimentum. Quisque tempus massa sit amet nunc vehicula vulputate. Donec ac arcu vitae sapien fringilla egestas ut nec nisi. In hac habitasse platea dictumst.', '1500', 'java.jpg', '2018-11-27 23:30:00', '2018-11-27 23:30:00'),
(18, 'xml-guide', 1, 'XML in 7 days', 'Lorem ipsum dolor sit amet, consectetur adipiscing elit. Donec vulputate pulvinar finibus. Donec suscipit scelerisque sapien at tincidunt. Maecenas egestas ligula vehicula nunc viverra accumsan. Phasellus consectetur, nisi in volutpat porta, risus sem ullamcorper nunc, in ornare tortor erat eget neque. Donec sagittis eleifend cursus. Vivamus non turpis at neque finibus dapibus id congue tellus. Aenean consectetur tortor nisl.\r\n\r\nInteger sit amet iaculis ex. Maecenas euismod interdum magna, placerat vestibulum nisi bibendum nec. Suspendisse viverra sapien sed hendrerit congue. Duis id mi id mi varius suscipit nec pretium nisl. Morbi dictum in ligula sed gravida. Aenean mattis arcu justo, convallis gravida odio interdum eu. Fusce congue, nisi non feugiat porta, purus odio placerat diam, vitae dignissim nulla velit in nunc. Etiam dolor leo, pretium nec ultricies nec, porttitor sed nisi. Aenean dapibus lacus id pellentesque sollicitudin. Quisque venenatis fermentum nisl eget feugiat. Curabitur lacinia suscipit consequat. Nulla ac ligula vitae ex fringilla imperdiet ut feugiat sem. Sed sit amet metus iaculis, laoreet libero et, sollicitudin quam. Phasellus tempor at est nec condimentum. Class aptent taciti sociosqu ad litora torquent per conubia nostra, per inceptos himenaeos. In hac habitasse platea dictumst.\r\n\r\nMorbi malesuada, urna porttitor laoreet tempor, justo arcu gravida nibh, et interdum purus elit quis sem. Lorem ipsum dolor sit amet, consectetur adipiscing elit. Aliquam erat volutpat. Quisque vulputate vel elit mollis pretium. Pellentesque placerat varius nisl nec eleifend. Phasellus a orci vestibulum, euismod augue nec, congue lectus. Nam vulputate, magna a fermentum rhoncus, lacus dui scelerisque dolor, quis molestie ex magna nec ipsum. In eget lectus et nulla auctor malesuada. Aenean pellentesque justo in auctor aliquam. Nunc semper eros ut lorem fringilla condimentum. Quisque tempus massa sit amet nunc vehicula vulputate. Donec ac arcu vitae sapien fringilla egestas ut nec nisi. In hac habitasse platea dictumst.', '1500', 'json-laravel.jpg', '2018-11-27 23:30:00', '2018-11-27 23:30:00'),
(19, 'compiling-code', 2, 'Compiling and Coding', 'Lorem ipsum dolor sit amet, consectetur adipiscing elit. Donec vulputate pulvinar finibus. Donec suscipit scelerisque sapien at tincidunt. Maecenas egestas ligula vehicula nunc viverra accumsan. Phasellus consectetur, nisi in volutpat porta, risus sem ullamcorper nunc, in ornare tortor erat eget neque. Donec sagittis eleifend cursus. Vivamus non turpis at neque finibus dapibus id congue tellus. Aenean consectetur tortor nisl.\r\n\r\nInteger sit amet iaculis ex. Maecenas euismod interdum magna, placerat vestibulum nisi bibendum nec. Suspendisse viverra sapien sed hendrerit congue. Duis id mi id mi varius suscipit nec pretium nisl. Morbi dictum in ligula sed gravida. Aenean mattis arcu justo, convallis gravida odio interdum eu. Fusce congue, nisi non feugiat porta, purus odio placerat diam, vitae dignissim nulla velit in nunc. Etiam dolor leo, pretium nec ultricies nec, porttitor sed nisi. Aenean dapibus lacus id pellentesque sollicitudin. Quisque venenatis fermentum nisl eget feugiat. Curabitur lacinia suscipit consequat. Nulla ac ligula vitae ex fringilla imperdiet ut feugiat sem. Sed sit amet metus iaculis, laoreet libero et, sollicitudin quam. Phasellus tempor at est nec condimentum. Class aptent taciti sociosqu ad litora torquent per conubia nostra, per inceptos himenaeos. In hac habitasse platea dictumst.\r\n\r\nMorbi malesuada, urna porttitor laoreet tempor, justo arcu gravida nibh, et interdum purus elit quis sem. Lorem ipsum dolor sit amet, consectetur adipiscing elit. Aliquam erat volutpat. Quisque vulputate vel elit mollis pretium. Pellentesque placerat varius nisl nec eleifend. Phasellus a orci vestibulum, euismod augue nec, congue lectus. Nam vulputate, magna a fermentum rhoncus, lacus dui scelerisque dolor, quis molestie ex magna nec ipsum. In eget lectus et nulla auctor malesuada. Aenean pellentesque justo in auctor aliquam. Nunc semper eros ut lorem fringilla condimentum. Quisque tempus massa sit amet nunc vehicula vulputate. Donec ac arcu vitae sapien fringilla egestas ut nec nisi. In hac habitasse platea dictumst.', '1000', 'soft.jpg', '2018-11-27 23:30:00', '2018-11-27 23:30:00'),
(20, 'full-stack-codes', 2, 'Full stack Codes', 'Lorem ipsum dolor sit amet, consectetur adipiscing elit. Donec vulputate pulvinar finibus. Donec suscipit scelerisque sapien at tincidunt. Maecenas egestas ligula vehicula nunc viverra accumsan. Phasellus consectetur, nisi in volutpat porta, risus sem ullamcorper nunc, in ornare tortor erat eget neque. Donec sagittis eleifend cursus. Vivamus non turpis at neque finibus dapibus id congue tellus. Aenean consectetur tortor nisl.\r\n\r\nInteger sit amet iaculis ex. Maecenas euismod interdum magna, placerat vestibulum nisi bibendum nec. Suspendisse viverra sapien sed hendrerit congue. Duis id mi id mi varius suscipit nec pretium nisl. Morbi dictum in ligula sed gravida. Aenean mattis arcu justo, convallis gravida odio interdum eu. Fusce congue, nisi non feugiat porta, purus odio placerat diam, vitae dignissim nulla velit in nunc. Etiam dolor leo, pretium nec ultricies nec, porttitor sed nisi. Aenean dapibus lacus id pellentesque sollicitudin. Quisque venenatis fermentum nisl eget feugiat. Curabitur lacinia suscipit consequat. Nulla ac ligula vitae ex fringilla imperdiet ut feugiat sem. Sed sit amet metus iaculis, laoreet libero et, sollicitudin quam. Phasellus tempor at est nec condimentum. Class aptent taciti sociosqu ad litora torquent per conubia nostra, per inceptos himenaeos. In hac habitasse platea dictumst.\r\n\r\nMorbi malesuada, urna porttitor laoreet tempor, justo arcu gravida nibh, et interdum purus elit quis sem. Lorem ipsum dolor sit amet, consectetur adipiscing elit. Aliquam erat volutpat. Quisque vulputate vel elit mollis pretium. Pellentesque placerat varius nisl nec eleifend. Phasellus a orci vestibulum, euismod augue nec, congue lectus. Nam vulputate, magna a fermentum rhoncus, lacus dui scelerisque dolor, quis molestie ex magna nec ipsum. In eget lectus et nulla auctor malesuada. Aenean pellentesque justo in auctor aliquam. Nunc semper eros ut lorem fringilla condimentum. Quisque tempus massa sit amet nunc vehicula vulputate. Donec ac arcu vitae sapien fringilla egestas ut nec nisi. In hac habitasse platea dictumst.', '800', 'softbooks.jpg', '2018-11-27 23:30:00', '2018-11-27 23:30:00');

-- --------------------------------------------------------

--
-- Table structure for table `migrations`
--

CREATE TABLE `migrations` (
  `id` int(10) UNSIGNED NOT NULL,
  `migration` varchar(191) COLLATE utf8mb4_unicode_ci NOT NULL,
  `batch` int(11) NOT NULL
) ENGINE=InnoDB DEFAULT CHARSET=utf8mb4 COLLATE=utf8mb4_unicode_ci;

--
-- Dumping data for table `migrations`
--

INSERT INTO `migrations` (`id`, `migration`, `batch`) VALUES
(1, '2014_10_12_000000_create_users_table', 1),
(2, '2014_10_12_100000_create_password_resets_table', 1),
(3, '2018_11_28_145505_create_books_table', 1),
(4, '2018_11_28_150049_create_authors_table', 1);

-- --------------------------------------------------------

--
-- Table structure for table `password_resets`
--

CREATE TABLE `password_resets` (
  `email` varchar(191) COLLATE utf8mb4_unicode_ci NOT NULL,
  `token` varchar(191) COLLATE utf8mb4_unicode_ci NOT NULL,
  `created_at` timestamp NULL DEFAULT NULL
) ENGINE=InnoDB DEFAULT CHARSET=utf8mb4 COLLATE=utf8mb4_unicode_ci;

-- --------------------------------------------------------

--
-- Table structure for table `users`
--

CREATE TABLE `users` (
  `id` int(10) UNSIGNED NOT NULL,
  `name` varchar(191) COLLATE utf8mb4_unicode_ci NOT NULL,
  `email` varchar(191) COLLATE utf8mb4_unicode_ci NOT NULL,
  `email_verified_at` timestamp NULL DEFAULT NULL,
  `password` varchar(191) COLLATE utf8mb4_unicode_ci NOT NULL,
  `remember_token` varchar(100) COLLATE utf8mb4_unicode_ci DEFAULT NULL,
  `created_at` timestamp NULL DEFAULT NULL,
  `updated_at` timestamp NULL DEFAULT NULL
) ENGINE=InnoDB DEFAULT CHARSET=utf8mb4 COLLATE=utf8mb4_unicode_ci;

--
-- Indexes for dumped tables
--

--
-- Indexes for table `authors`
--
ALTER TABLE `authors`
  ADD PRIMARY KEY (`id`);

--
-- Indexes for table `books`
--
ALTER TABLE `books`
  ADD PRIMARY KEY (`id`);

--
-- Indexes for table `migrations`
--
ALTER TABLE `migrations`
  ADD PRIMARY KEY (`id`);

--
-- Indexes for table `password_resets`
--
ALTER TABLE `password_resets`
  ADD KEY `password_resets_email_index` (`email`);

--
-- Indexes for table `users`
--
ALTER TABLE `users`
  ADD PRIMARY KEY (`id`);

--
-- AUTO_INCREMENT for dumped tables
--

--
-- AUTO_INCREMENT for table `authors`
--
ALTER TABLE `authors`
  MODIFY `id` int(10) UNSIGNED NOT NULL AUTO_INCREMENT, AUTO_INCREMENT=3;

--
-- AUTO_INCREMENT for table `books`
--
ALTER TABLE `books`
  MODIFY `id` int(10) UNSIGNED NOT NULL AUTO_INCREMENT, AUTO_INCREMENT=21;

--
-- AUTO_INCREMENT for table `migrations`
--
ALTER TABLE `migrations`
  MODIFY `id` int(10) UNSIGNED NOT NULL AUTO_INCREMENT, AUTO_INCREMENT=5;

--
-- AUTO_INCREMENT for table `users`
--
ALTER TABLE `users`
  MODIFY `id` int(10) UNSIGNED NOT NULL AUTO_INCREMENT;
COMMIT;

/*!40101 SET CHARACTER_SET_CLIENT=@OLD_CHARACTER_SET_CLIENT */;
/*!40101 SET CHARACTER_SET_RESULTS=@OLD_CHARACTER_SET_RESULTS */;
/*!40101 SET COLLATION_CONNECTION=@OLD_COLLATION_CONNECTION */;
